id,ticket_id,priority,status,category,subject,description,created_date,resolved_date,assigned_to,created_at
1,TICKET-1001,Critical,open,Access,Printer not working,User reported an IT issue requiring support team assistance.,2024-02-20,2024-02-29,analyst1,2024-02-20 00:00:00
2,TICKET-1002,Critical,resolved,Hardware,VPN not connecting,User reported an IT issue requiring support team assistance.,2025-01-05,2025-01-05,admin,2025-01-05 00:00:00
3,TICKET-1003,Low,resolved,Network,Security alert investigation,User reported an IT issue requiring support team assistance.,2024-01-05,2024-01-13,it_support,2024-01-05 00:00:00
4,TICKET-1004,Medium,in_progress,Email,Slow system performance,User reported an IT issue requiring support team assistance.,2024-10-07,2024-10-09,admin,2024-10-07 00:00:00
5,TICKET-1005,Critical,closed,Security,Email not syncing,User reported an IT issue requiring support team assistance.,2025-04-09,2025-04-18,analyst1,2025-04-09 00:00:00
6,TICKET-1006,Critical,resolved,Software,Network connectivity issue,User reported an IT issue requiring support team assistance.,2024-07-08,2024-07-12,analyst1,2024-07-08 00:00:00
7,TICKET-1007,Critical,closed,Hardware,Slow system performance,User reported an IT issue requiring support team assistance.,2025-07-01,2025-07-01,soc_user,2025-07-01 00:00:00
8,TICKET-1008,High,resolved,Security,Email not syncing,User reported an IT issue requiring support team assistance.,2024-09-06,2024-09-16,it_support,2024-09-06 00:00:00
9,TICKET-1009,Critical,in_progress,Email,Security alert investigation,User reported an IT issue requiring support team assistance.,2025-04-24,2025-04-25,analyst1,2025-04-24 00:00:00
10,TICKET-1010,Medium,in_progress,Software,System access issue,User reported an IT issue requiring support team assistance.,2025-10-20,2025-10-29,analyst2,2025-10-20 00:00:00
11,TICKET-1011,High,closed,Security,Software installation request,User reported an IT issue requiring support team assistance.,2024-06-08,2024-06-16,it_support,2024-06-08 00:00:00
12,TICKET-1012,Low,in_progress,Security,Password reset request,User reported an IT issue requiring support team assistance.,2025-07-04,2025-07-12,admin,2025-07-04 00:00:00
13,TICKET-1013,Medium,closed,Email,Email not syncing,User reported an IT issue requiring support team assistance.,2024-09-13,2024-09-18,soc_user,2024-09-13 00:00:00
14,TICKET-1014,High,open,Network,Password reset request,User reported an IT issue requiring support team assistance.,2024-02-13,2024-02-15,soc_user,2024-02-13 00:00:00
15,TICKET-1015,High,resolved,Security,Email not syncing,User reported an IT issue requiring support team assistance.,2025-07-30,2025-08-09,admin,2025-07-30 00:00:00
16,TICKET-1016,Critical,in_progress,Software,Printer not working,User reported an IT issue requiring support team assistance.,2025-11-01,2025-11-10,analyst1,2025-11-01 00:00:00
17,TICKET-1017,Critical,resolved,Software,Printer not working,User reported an IT issue requiring support team assistance.,2024-10-05,2024-10-05,it_support,2024-10-05 00:00:00
18,TICKET-1018,Low,open,Hardware,Slow system performance,User reported an IT issue requiring support team assistance.,2024-08-27,2024-09-03,it_support,2024-08-27 00:00:00
19,TICKET-1019,Medium,closed,Email,Password reset request,User reported an IT issue requiring support team assistance.,2025-09-17,2025-09-23,analyst2,2025-09-17 00:00:00
20,TICKET-1020,High,closed,Security,Slow system performance,User reported an IT issue requiring support team assistance.,2024-09-25,2024-09-29,analyst1,2024-09-25 00:00:00
21,TICKET-1021,High,in_progress,Security,Security alert investigation,User reported an IT issue requiring support team assistance.,2025-07-24,2025-07-27,it_support,2025-07-24 00:00:00
22,TICKET-1022,High,closed,Hardware,Printer not working,User reported an IT issue requiring support team assistance.,2024-09-07,2024-09-10,analyst1,2024-09-07 00:00:00
23,TICKET-1023,Critical,resolved,Security,Laptop not turning on,User reported an IT issue requiring support team assistance.,2024-10-19,2024-10-24,analyst2,2024-10-19 00:00:00
24,TICKET-1024,Low,closed,Hardware,Software installation request,User reported an IT issue requiring support team assistance.,2024-03-20,2024-03-23,analyst1,2024-03-20 00:00:00
25,TICKET-1025,High,in_progress,Software,Network connectivity issue,User reported an IT issue requiring support team assistance.,2025-04-05,2025-04-06,soc_user,2025-04-05 00:00:00
26,TICKET-1026,Low,open,Access,Security alert investigation,User reported an IT issue requiring support team assistance.,2024-11-22,2024-11-28,analyst1,2024-11-22 00:00:00
27,TICKET-1027,Critical,resolved,Network,Software installation request,User reported an IT issue requiring support team assistance.,2025-01-27,2025-02-02,admin,2025-01-27 00:00:00
28,TICKET-1028,Low,resolved,Network,System access issue,User reported an IT issue requiring support team assistance.,2025-04-20,2025-04-28,analyst1,2025-04-20 00:00:00
29,TICKET-1029,Low,closed,Network,Slow system performance,User reported an IT issue requiring support team assistance.,2025-04-04,2025-04-06,it_support,2025-04-04 00:00:00
30,TICKET-1030,Critical,open,Hardware,Printer not working,User reported an IT issue requiring support team assistance.,2025-11-26,2025-12-03,soc_user,2025-11-26 00:00:00
31,TICKET-1031,Medium,resolved,Security,Email not syncing,User reported an IT issue requiring support team assistance.,2025-02-11,2025-02-14,analyst1,2025-02-11 00:00:00
32,TICKET-1032,Critical,open,Security,Network connectivity issue,User reported an IT issue requiring support team assistance.,2025-08-20,2025-08-21,it_support,2025-08-20 00:00:00
33,TICKET-1033,Medium,open,Network,Security alert investigation,User reported an IT issue requiring support team assistance.,2025-06-10,2025-06-19,admin,2025-06-10 00:00:00
34,TICKET-1034,Critical,in_progress,Access,Password reset request,User reported an IT issue requiring support team assistance.,2024-12-20,2024-12-22,admin,2024-12-20 00:00:00
35,TICKET-1035,Critical,resolved,Email,System access issue,User reported an IT issue requiring support team assistance.,2024-03-05,2024-03-11,analyst1,2024-03-05 00:00:00
36,TICKET-1036,Low,open,Access,VPN not connecting,User reported an IT issue requiring support team assistance.,2024-10-24,2024-10-25,admin,2024-10-24 00:00:00
37,TICKET-1037,Low,in_progress,Email,Network connectivity issue,User reported an IT issue requiring support team assistance.,2025-04-10,2025-04-18,admin,2025-04-10 00:00:00
38,TICKET-1038,High,closed,Hardware,Software installation request,User reported an IT issue requiring support team assistance.,2025-01-30,2025-02-08,admin,2025-01-30 00:00:00
39,TICKET-1039,Critical,resolved,Hardware,Security alert investigation,User reported an IT issue requiring support team assistance.,2025-03-12,2025-03-13,analyst2,2025-03-12 00:00:00
40,TICKET-1040,Medium,open,Email,System access issue,User reported an IT issue requiring support team assistance.,2025-07-29,2025-07-30,analyst1,2025-07-29 00:00:00
41,TICKET-1041,Low,open,Hardware,Network connectivity issue,User reported an IT issue requiring support team assistance.,2024-07-08,2024-07-18,admin,2024-07-08 00:00:00
42,TICKET-1042,Low,resolved,Access,Email not syncing,User reported an IT issue requiring support team assistance.,2024-03-10,2024-03-18,soc_user,2024-03-10 00:00:00
43,TICKET-1043,Critical,resolved,Software,VPN not connecting,User reported an IT issue requiring support team assistance.,2024-11-09,2024-11-12,admin,2024-11-09 00:00:00
44,TICKET-1044,Critical,open,Software,Printer not working,User reported an IT issue requiring support team assistance.,2025-06-28,2025-07-06,analyst2,2025-06-28 00:00:00
45,TICKET-1045,Critical,open,Hardware,System access issue,User reported an IT issue requiring support team assistance.,2024-08-29,2024-09-03,admin,2024-08-29 00:00:00
46,TICKET-1046,High,open,Software,Slow system performance,User reported an IT issue requiring support team assistance.,2024-09-13,2024-09-18,analyst2,2024-09-13 00:00:00
47,TICKET-1047,High,open,Network,System access issue,User reported an IT issue requiring support team assistance.,2024-07-10,2024-07-17,soc_user,2024-07-10 00:00:00
48,TICKET-1048,Medium,open,Network,Password reset request,User reported an IT issue requiring support team assistance.,2025-09-20,2025-09-21,it_support,2025-09-20 00:00:00
49,TICKET-1049,Critical,closed,Email,Laptop not turning on,User reported an IT issue requiring support team assistance.,2024-05-09,2024-05-12,soc_user,2024-05-09 00:00:00
50,TICKET-1050,Low,closed,Software,Printer not working,User reported an IT issue requiring support team assistance.,2025-10-17,2025-10-22,it_support,2025-10-17 00:00:00
51,TICKET-1051,High,resolved,Security,VPN not connecting,User reported an IT issue requiring support team assistance.,2024-01-16,2024-01-25,analyst1,2024-01-16 00:00:00
52,TICKET-1052,High,in_progress,Email,Password reset request,User reported an IT issue requiring support team assistance.,2025-11-16,2025-11-23,it_support,2025-11-16 00:00:00
53,TICKET-1053,High,open,Software,Email not syncing,User reported an IT issue requiring support team assistance.,2025-02-10,2025-02-19,analyst1,2025-02-10 00:00:00
54,TICKET-1054,High,resolved,Email,Printer not working,User reported an IT issue requiring support team assistance.,2025-05-15,2025-05-16,analyst1,2025-05-15 00:00:00
55,TICKET-1055,High,resolved,Hardware,System access issue,User reported an IT issue requiring support team assistance.,2025-10-08,2025-10-12,soc_user,2025-10-08 00:00:00
56,TICKET-1056,Low,resolved,Software,Network connectivity issue,User reported an IT issue requiring support team assistance.,2024-10-21,2024-10-23,admin,2024-10-21 00:00:00
57,TICKET-1057,Low,open,Access,System access issue,User reported an IT issue requiring support team assistance.,2025-07-12,2025-07-15,admin,2025-07-12 00:00:00
58,TICKET-1058,Low,resolved,Software,Laptop not turning on,User reported an IT issue requiring support team assistance.,2024-10-01,2024-10-06,analyst2,2024-10-01 00:00:00
59,TICKET-1059,Low,closed,Hardware,Email not syncing,User reported an IT issue requiring support team assistance.,2024-09-28,2024-10-01,soc_user,2024-09-28 00:00:00
60,TICKET-1060,Low,in_progress,Hardware,Email not syncing,User reported an IT issue requiring support team assistance.,2024-01-03,2024-01-07,soc_user,2024-01-03 00:00:00
61,TICKET-1061,High,closed,Hardware,Printer not working,User reported an IT issue requiring support team assistance.,2024-07-11,2024-07-14,analyst2,2024-07-11 00:00:00
62,TICKET-1062,Low,closed,Software,VPN not connecting,User reported an IT issue requiring support team assistance.,2024-07-21,2024-07-25,it_support,2024-07-21 00:00:00
63,TICKET-1063,Critical,resolved,Email,Printer not working,User reported an IT issue requiring support team assistance.,2025-04-11,2025-04-17,analyst1,2025-04-11 00:00:00
64,TICKET-1064,High,resolved,Email,Network connectivity issue,User reported an IT issue requiring support team assistance.,2025-07-18,2025-07-24,it_support,2025-07-18 00:00:00
65,TICKET-1065,Medium,in_progress,Software,Printer not working,User reported an IT issue requiring support team assistance.,2024-05-30,2024-06-05,it_support,2024-05-30 00:00:00
66,TICKET-1066,Medium,resolved,Software,Printer not working,User reported an IT issue requiring support team assistance.,2025-05-12,2025-05-16,admin,2025-05-12 00:00:00
67,TICKET-1067,High,closed,Security,System access issue,User reported an IT issue requiring support team assistance.,2024-01-09,2024-01-13,admin,2024-01-09 00:00:00
68,TICKET-1068,Low,open,Software,Slow system performance,User reported an IT issue requiring support team assistance.,2025-08-03,2025-08-05,it_support,2025-08-03 00:00:00
69,TICKET-1069,High,resolved,Software,System access issue,User reported an IT issue requiring support team assistance.,2025-03-28,2025-04-05,it_support,2025-03-28 00:00:00
70,TICKET-1070,Low,open,Network,Laptop not turning on,User reported an IT issue requiring support team assistance.,2025-08-04,2025-08-10,analyst2,2025-08-04 00:00:00
71,TICKET-1071,Critical,closed,Email,Laptop not turning on,User reported an IT issue requiring support team assistance.,2024-08-16,2024-08-26,analyst2,2024-08-16 00:00:00
72,TICKET-1072,Critical,closed,Software,Password reset request,User reported an IT issue requiring support team assistance.,2025-02-14,2025-02-20,admin,2025-02-14 00:00:00
73,TICKET-1073,Critical,in_progress,Network,Password reset request,User reported an IT issue requiring support team assistance.,2024-01-07,2024-01-10,admin,2024-01-07 00:00:00
74,TICKET-1074,High,in_progress,Software,Password reset request,User reported an IT issue requiring support team assistance.,2025-10-24,2025-10-24,admin,2025-10-24 00:00:00
75,TICKET-1075,High,resolved,Access,System access issue,User reported an IT issue requiring support team assistance.,2024-12-01,2024-12-04,it_support,2024-12-01 00:00:00
76,TICKET-1076,Critical,closed,Hardware,Laptop not turning on,User reported an IT issue requiring support team assistance.,2025-02-01,2025-02-01,admin,2025-02-01 00:00:00
77,TICKET-1077,Low,resolved,Security,VPN not connecting,User reported an IT issue requiring support team assistance.,2024-01-07,2024-01-09,admin,2024-01-07 00:00:00
78,TICKET-1078,Low,in_progress,Software,Network connectivity issue,User reported an IT issue requiring support team assistance.,2024-02-05,2024-02-05,admin,2024-02-05 00:00:00
79,TICKET-1079,High,resolved,Software,VPN not connecting,User reported an IT issue requiring support team assistance.,2024-09-08,2024-09-16,soc_user,2024-09-08 00:00:00
80,TICKET-1080,Medium,closed,Hardware,Printer not working,User reported an IT issue requiring support team assistance.,2025-02-18,2025-02-27,analyst2,2025-02-18 00:00:00
81,TICKET-1081,High,in_progress,Security,Security alert investigation,User reported an IT issue requiring support team assistance.,2024-10-05,2024-10-09,it_support,2024-10-05 00:00:00
82,TICKET-1082,Low,closed,Access,Security alert investigation,User reported an IT issue requiring support team assistance.,2024-03-10,2024-03-20,admin,2024-03-10 00:00:00
83,TICKET-1083,Low,closed,Network,Printer not working,User reported an IT issue requiring support team assistance.,2025-11-30,2025-12-03,it_support,2025-11-30 00:00:00
84,TICKET-1084,Medium,resolved,Email,Email not syncing,User reported an IT issue requiring support team assistance.,2025-10-23,2025-10-30,analyst2,2025-10-23 00:00:00
85,TICKET-1085,Critical,closed,Software,Security alert investigation,User reported an IT issue requiring support team assistance.,2025-01-02,2025-01-07,analyst1,2025-01-02 00:00:00
86,TICKET-1086,Low,in_progress,Security,System access issue,User reported an IT issue requiring support team assistance.,2025-05-12,2025-05-20,soc_user,2025-05-12 00:00:00
87,TICKET-1087,High,resolved,Security,Network connectivity issue,User reported an IT issue requiring support team assistance.,2025-05-18,2025-05-28,analyst2,2025-05-18 00:00:00
88,TICKET-1088,Critical,open,Software,Slow system performance,User reported an IT issue requiring support team assistance.,2025-10-20,2025-10-20,it_support,2025-10-20 00:00:00
89,TICKET-1089,Medium,in_progress,Software,Email not syncing,User reported an IT issue requiring support team assistance.,2024-12-12,2024-12-19,it_support,2024-12-12 00:00:00
90,TICKET-1090,Critical,resolved,Network,Security alert investigation,User reported an IT issue requiring support team assistance.,2025-02-16,2025-02-16,soc_user,2025-02-16 00:00:00
91,TICKET-1091,Low,in_progress,Network,VPN not connecting,User reported an IT issue requiring support team assistance.,2025-09-30,2025-10-01,analyst1,2025-09-30 00:00:00
92,TICKET-1092,High,in_progress,Email,Security alert investigation,User reported an IT issue requiring support team assistance.,2024-12-03,2024-12-09,analyst2,2024-12-03 00:00:00
93,TICKET-1093,Low,open,Network,Software installation request,User reported an IT issue requiring support team assistance.,2024-12-14,2024-12-20,analyst2,2024-12-14 00:00:00
94,TICKET-1094,High,open,Access,System access issue,User reported an IT issue requiring support team assistance.,2024-02-21,2024-02-28,admin,2024-02-21 00:00:00
95,TICKET-1095,High,closed,Security,System access issue,User reported an IT issue requiring support team assistance.,2025-03-20,2025-03-24,it_support,2025-03-20 00:00:00
96,TICKET-1096,High,resolved,Software,Password reset request,User reported an IT issue requiring support team assistance.,2024-05-01,2024-05-05,soc_user,2024-05-01 00:00:00
97,TICKET-1097,Critical,in_progress,Software,Security alert investigation,User reported an IT issue requiring support team assistance.,2025-01-25,2025-02-03,soc_user,2025-01-25 00:00:00
98,TICKET-1098,Critical,open,Security,VPN not connecting,User reported an IT issue requiring support team assistance.,2025-09-26,2025-09-27,analyst1,2025-09-26 00:00:00
99,TICKET-1099,Low,open,Security,VPN not connecting,User reported an IT issue requiring support team assistance.,2024-01-29,2024-02-02,soc_user,2024-01-29 00:00:00
100,TICKET-1100,Low,open,Hardware,Password reset request,User reported an IT issue requiring support team assistance.,2024-10-09,2024-10-09,it_support,2024-10-09 00:00:00
101,TICKET-1101,High,closed,Email,Slow system performance,User reported an IT issue requiring support team assistance.,2024-11-05,2024-11-05,soc_user,2024-11-05 00:00:00
102,TICKET-1102,Critical,open,Hardware,Security alert investigation,User reported an IT issue requiring support team assistance.,2024-02-03,2024-02-12,admin,2024-02-03 00:00:00
103,TICKET-1103,Low,in_progress,Hardware,Slow system performance,User reported an IT issue requiring support team assistance.,2024-09-09,2024-09-10,analyst1,2024-09-09 00:00:00
104,TICKET-1104,Medium,resolved,Security,VPN not connecting,User reported an IT issue requiring support team assistance.,2024-05-19,2024-05-27,analyst2,2024-05-19 00:00:00
105,TICKET-1105,Critical,closed,Software,Password reset request,User reported an IT issue requiring support team assistance.,2025-08-07,2025-08-12,analyst2,2025-08-07 00:00:00
106,TICKET-1106,Low,closed,Hardware,Email not syncing,User reported an IT issue requiring support team assistance.,2024-09-08,2024-09-11,admin,2024-09-08 00:00:00
107,TICKET-1107,High,resolved,Access,Printer not working,User reported an IT issue requiring support team assistance.,2024-02-09,2024-02-15,analyst2,2024-02-09 00:00:00
108,TICKET-1108,High,open,Security,Password reset request,User reported an IT issue requiring support team assistance.,2024-09-21,2024-09-29,admin,2024-09-21 00:00:00
109,TICKET-1109,Medium,closed,Email,VPN not connecting,User reported an IT issue requiring support team assistance.,2025-09-01,2025-09-04,admin,2025-09-01 00:00:00
110,TICKET-1110,Critical,in_progress,Hardware,Network connectivity issue,User reported an IT issue requiring support team assistance.,2024-09-21,2024-09-24,analyst2,2024-09-21 00:00:00
111,TICKET-1111,Low,closed,Access,Email not syncing,User reported an IT issue requiring support team assistance.,2024-04-24,2024-04-25,soc_user,2024-04-24 00:00:00
112,TICKET-1112,Low,in_progress,Email,Laptop not turning on,User reported an IT issue requiring support team assistance.,2024-08-12,2024-08-14,analyst2,2024-08-12 00:00:00
113,TICKET-1113,Critical,in_progress,Hardware,Password reset request,User reported an IT issue requiring support team assistance.,2024-09-11,2024-09-12,analyst1,2024-09-11 00:00:00
114,TICKET-1114,Critical,resolved,Email,Printer not working,User reported an IT issue requiring support team assistance.,2024-12-22,2024-12-28,soc_user,2024-12-22 00:00:00
115,TICKET-1115,Critical,in_progress,Security,VPN not connecting,User reported an IT issue requiring support team assistance.,2025-01-19,2025-01-26,analyst2,2025-01-19 00:00:00
116,TICKET-1116,Low,resolved,Email,System access issue,User reported an IT issue requiring support team assistance.,2024-06-24,2024-06-29,it_support,2024-06-24 00:00:00
117,TICKET-1117,Medium,closed,Email,Slow system performance,User reported an IT issue requiring support team assistance.,2024-04-17,2024-04-25,analyst1,2024-04-17 00:00:00
118,TICKET-1118,Critical,resolved,Network,Network connectivity issue,User reported an IT issue requiring support team assistance.,2025-05-11,2025-05-13,soc_user,2025-05-11 00:00:00
119,TICKET-1119,Medium,in_progress,Access,VPN not connecting,User reported an IT issue requiring support team assistance.,2024-08-03,2024-08-07,analyst1,2024-08-03 00:00:00
120,TICKET-1120,High,open,Software,Email not syncing,User reported an IT issue requiring support team assistance.,2024-03-18,2024-03-28,analyst2,2024-03-18 00:00:00
121,TICKET-1121,Critical,resolved,Software,VPN not connecting,User reported an IT issue requiring support team assistance.,2025-05-16,2025-05-21,analyst1,2025-05-16 00:00:00
122,TICKET-1122,High,open,Access,VPN not connecting,User reported an IT issue requiring support team assistance.,2025-03-17,2025-03-18,soc_user,2025-03-17 00:00:00
123,TICKET-1123,Medium,open,Hardware,Laptop not turning on,User reported an IT issue requiring support team assistance.,2024-10-17,2024-10-27,it_support,2024-10-17 00:00:00
124,TICKET-1124,Medium,open,Network,Security alert investigation,User reported an IT issue requiring support team assistance.,2025-08-10,2025-08-12,admin,2025-08-10 00:00:00
125,TICKET-1125,Medium,open,Hardware,Printer not working,User reported an IT issue requiring support team assistance.,2024-06-20,2024-06-25,admin,2024-06-20 00:00:00
126,TICKET-1126,Low,closed,Security,Network connectivity issue,User reported an IT issue requiring support team assistance.,2024-10-03,2024-10-04,analyst1,2024-10-03 00:00:00
127,TICKET-1127,Low,in_progress,Hardware,System access issue,User reported an IT issue requiring support team assistance.,2025-02-05,2025-02-14,soc_user,2025-02-05 00:00:00
128,TICKET-1128,Low,closed,Software,Slow system performance,User reported an IT issue requiring support team assistance.,2024-03-18,2024-03-28,it_support,2024-03-18 00:00:00
129,TICKET-1129,Medium,resolved,Access,Software installation request,User reported an IT issue requiring support team assistance.,2024-09-04,2024-09-13,analyst2,2024-09-04 00:00:00
130,TICKET-1130,Critical,open,Network,Email not syncing,User reported an IT issue requiring support team assistance.,2025-02-08,2025-02-18,analyst1,2025-02-08 00:00:00
131,TICKET-1131,Low,open,Email,Slow system performance,User reported an IT issue requiring support team assistance.,2024-11-30,2024-12-09,analyst2,2024-11-30 00:00:00
132,TICKET-1132,Critical,resolved,Hardware,Slow system performance,User reported an IT issue requiring support team assistance.,2024-12-06,2024-12-13,analyst2,2024-12-06 00:00:00
133,TICKET-1133,Low,closed,Security,Security alert investigation,User reported an IT issue requiring support team assistance.,2025-08-26,2025-09-05,it_support,2025-08-26 00:00:00
134,TICKET-1134,Medium,open,Hardware,Email not syncing,User reported an IT issue requiring support team assistance.,2024-12-14,2024-12-24,soc_user,2024-12-14 00:00:00
135,TICKET-1135,High,resolved,Hardware,Network connectivity issue,User reported an IT issue requiring support team assistance.,2025-02-14,2025-02-21,soc_user,2025-02-14 00:00:00
136,TICKET-1136,Medium,open,Software,System access issue,User reported an IT issue requiring support team assistance.,2024-08-29,2024-08-29,admin,2024-08-29 00:00:00
137,TICKET-1137,High,resolved,Hardware,Slow system performance,User reported an IT issue requiring support team assistance.,2024-03-23,2024-03-31,analyst2,2024-03-23 00:00:00
138,TICKET-1138,Low,closed,Hardware,System access issue,User reported an IT issue requiring support team assistance.,2025-02-12,2025-02-13,it_support,2025-02-12 00:00:00
139,TICKET-1139,Medium,open,Software,Printer not working,User reported an IT issue requiring support team assistance.,2025-05-15,2025-05-23,admin,2025-05-15 00:00:00
140,TICKET-1140,High,resolved,Access,Slow system performance,User reported an IT issue requiring support team assistance.,2025-05-09,2025-05-09,analyst2,2025-05-09 00:00:00
141,TICKET-1141,Low,closed,Network,System access issue,User reported an IT issue requiring support team assistance.,2025-10-22,2025-10-24,soc_user,2025-10-22 00:00:00
142,TICKET-1142,Critical,open,Network,System access issue,User reported an IT issue requiring support team assistance.,2025-04-13,2025-04-19,analyst1,2025-04-13 00:00:00
143,TICKET-1143,Critical,open,Network,Software installation request,User reported an IT issue requiring support team assistance.,2024-02-19,2024-02-21,it_support,2024-02-19 00:00:00
144,TICKET-1144,Medium,resolved,Email,Email not syncing,User reported an IT issue requiring support team assistance.,2024-09-03,2024-09-04,admin,2024-09-03 00:00:00
145,TICKET-1145,Low,open,Hardware,VPN not connecting,User reported an IT issue requiring support team assistance.,2024-12-31,2024-12-31,admin,2024-12-31 00:00:00
146,TICKET-1146,Medium,closed,Software,Password reset request,User reported an IT issue requiring support team assistance.,2025-10-10,2025-10-19,analyst1,2025-10-10 00:00:00
147,TICKET-1147,High,closed,Software,Network connectivity issue,User reported an IT issue requiring support team assistance.,2024-03-27,2024-03-28,analyst1,2024-03-27 00:00:00
148,TICKET-1148,Medium,resolved,Hardware,Network connectivity issue,User reported an IT issue requiring support team assistance.,2025-03-11,2025-03-13,it_support,2025-03-11 00:00:00
149,TICKET-1149,Critical,resolved,Email,Email not syncing,User reported an IT issue requiring support team assistance.,2025-01-03,2025-01-03,soc_user,2025-01-03 00:00:00
150,TICKET-1150,Medium,closed,Network,Slow system performance,User reported an IT issue requiring support team assistance.,2024-07-25,2024-08-01,analyst1,2024-07-25 00:00:00
151,TICKET-1151,Medium,resolved,Network,Security alert investigation,User reported an IT issue requiring support team assistance.,2024-01-16,2024-01-26,soc_user,2024-01-16 00:00:00
152,TICKET-1152,High,in_progress,Email,Network connectivity issue,User reported an IT issue requiring support team assistance.,2024-01-23,2024-02-02,admin,2024-01-23 00:00:00
153,TICKET-1153,Critical,in_progress,Network,System access issue,User reported an IT issue requiring support team assistance.,2024-01-28,2024-02-04,it_support,2024-01-28 00:00:00
154,TICKET-1154,Low,resolved,Network,Security alert investigation,User reported an IT issue requiring support team assistance.,2025-04-15,2025-04-22,analyst2,2025-04-15 00:00:00
155,TICKET-1155,Low,closed,Network,Email not syncing,User reported an IT issue requiring support team assistance.,2024-05-30,2024-06-02,analyst1,2024-05-30 00:00:00
156,TICKET-1156,Critical,open,Hardware,Password reset request,User reported an IT issue requiring support team assistance.,2025-05-10,2025-05-16,it_support,2025-05-10 00:00:00
157,TICKET-1157,High,resolved,Network,Security alert investigation,User reported an IT issue requiring support team assistance.,2024-08-06,2024-08-08,analyst1,2024-08-06 00:00:00
158,TICKET-1158,Low,resolved,Software,Network connectivity issue,User reported an IT issue requiring support team assistance.,2025-08-15,2025-08-24,it_support,2025-08-15 00:00:00
159,TICKET-1159,Critical,in_progress,Software,Network connectivity issue,User reported an IT issue requiring support team assistance.,2024-09-24,2024-10-04,it_support,2024-09-24 00:00:00
160,TICKET-1160,Medium,resolved,Access,Laptop not turning on,User reported an IT issue requiring support team assistance.,2024-05-24,2024-05-28,analyst1,2024-05-24 00:00:00
161,TICKET-1161,High,open,Software,VPN not connecting,User reported an IT issue requiring support team assistance.,2024-07-15,2024-07-23,it_support,2024-07-15 00:00:00
162,TICKET-1162,Medium,closed,Hardware,Network connectivity issue,User reported an IT issue requiring support team assistance.,2024-10-08,2024-10-12,soc_user,2024-10-08 00:00:00
163,TICKET-1163,Low,open,Hardware,Password reset request,User reported an IT issue requiring support team assistance.,2024-05-18,2024-05-20,analyst2,2024-05-18 00:00:00
164,TICKET-1164,High,open,Email,Printer not working,User reported an IT issue requiring support team assistance.,2024-09-22,2024-09-24,soc_user,2024-09-22 00:00:00
165,TICKET-1165,Low,resolved,Software,System access issue,User reported an IT issue requiring support team assistance.,2025-10-20,2025-10-21,analyst2,2025-10-20 00:00:00
166,TICKET-1166,Medium,in_progress,Hardware,VPN not connecting,User reported an IT issue requiring support team assistance.,2025-11-03,2025-11-13,it_support,2025-11-03 00:00:00
167,TICKET-1167,High,in_progress,Network,VPN not connecting,User reported an IT issue requiring support team assistance.,2025-07-18,2025-07-22,admin,2025-07-18 00:00:00
168,TICKET-1168,High,open,Security,Laptop not turning on,User reported an IT issue requiring support team assistance.,2024-02-03,2024-02-08,soc_user,2024-02-03 00:00:00
169,TICKET-1169,Low,resolved,Access,VPN not connecting,User reported an IT issue requiring support team assistance.,2025-06-01,2025-06-01,it_support,2025-06-01 00:00:00
170,TICKET-1170,Low,resolved,Email,Password reset request,User reported an IT issue requiring support team assistance.,2024-04-07,2024-04-08,analyst1,2024-04-07 00:00:00
171,TICKET-1171,High,resolved,Email,Security alert investigation,User reported an IT issue requiring support team assistance.,2025-10-25,2025-10-30,admin,2025-10-25 00:00:00
172,TICKET-1172,Critical,resolved,Network,Printer not working,User reported an IT issue requiring support team assistance.,2025-06-20,2025-06-29,it_support,2025-06-20 00:00:00
173,TICKET-1173,Low,open,Hardware,VPN not connecting,User reported an IT issue requiring support team assistance.,2025-03-14,2025-03-19,soc_user,2025-03-14 00:00:00
174,TICKET-1174,Critical,open,Network,Email not syncing,User reported an IT issue requiring support team assistance.,2025-09-08,2025-09-17,admin,2025-09-08 00:00:00
175,TICKET-1175,Low,closed,Software,Slow system performance,User reported an IT issue requiring support team assistance.,2025-11-18,2025-11-25,soc_user,2025-11-18 00:00:00
176,TICKET-1176,High,resolved,Hardware,Network connectivity issue,User reported an IT issue requiring support team assistance.,2024-01-21,2024-01-26,analyst2,2024-01-21 00:00:00
177,TICKET-1177,Critical,in_progress,Software,Email not syncing,User reported an IT issue requiring support team assistance.,2024-08-07,2024-08-08,analyst2,2024-08-07 00:00:00
178,TICKET-1178,Critical,open,Hardware,Printer not working,User reported an IT issue requiring support team assistance.,2025-04-29,2025-05-06,it_support,2025-04-29 00:00:00
179,TICKET-1179,High,in_progress,Network,Security alert investigation,User reported an IT issue requiring support team assistance.,2024-09-11,2024-09-15,it_support,2024-09-11 00:00:00
180,TICKET-1180,Low,resolved,Email,Slow system performance,User reported an IT issue requiring support team assistance.,2025-06-01,2025-06-07,it_support,2025-06-01 00:00:00
181,TICKET-1181,Low,resolved,Email,Security alert investigation,User reported an IT issue requiring support team assistance.,2024-11-29,2024-12-07,analyst1,2024-11-29 00:00:00
182,TICKET-1182,Critical,open,Security,Printer not working,User reported an IT issue requiring support team assistance.,2024-08-05,2024-08-14,analyst1,2024-08-05 00:00:00
183,TICKET-1183,High,open,Email,Security alert investigation,User reported an IT issue requiring support team assistance.,2025-03-28,2025-04-03,analyst1,2025-03-28 00:00:00
184,TICKET-1184,Medium,resolved,Access,Password reset request,User reported an IT issue requiring support team assistance.,2025-02-28,2025-03-09,analyst1,2025-02-28 00:00:00
185,TICKET-1185,Critical,in_progress,Security,Password reset request,User reported an IT issue requiring support team assistance.,2024-11-05,2024-11-12,soc_user,2024-11-05 00:00:00
186,TICKET-1186,Medium,in_progress,Hardware,Email not syncing,User reported an IT issue requiring support team assistance.,2025-07-11,2025-07-19,analyst2,2025-07-11 00:00:00
187,TICKET-1187,Low,open,Network,Slow system performance,User reported an IT issue requiring support team assistance.,2024-02-02,2024-02-12,admin,2024-02-02 00:00:00
188,TICKET-1188,Medium,in_progress,Access,VPN not connecting,User reported an IT issue requiring support team assistance.,2025-04-28,2025-05-06,soc_user,2025-04-28 00:00:00
189,TICKET-1189,Critical,resolved,Software,Printer not working,User reported an IT issue requiring support team assistance.,2025-02-22,2025-03-02,it_support,2025-02-22 00:00:00
190,TICKET-1190,Critical,in_progress,Security,VPN not connecting,User reported an IT issue requiring support team assistance.,2025-03-21,2025-03-22,analyst1,2025-03-21 00:00:00
191,TICKET-1191,Critical,in_progress,Hardware,Slow system performance,User reported an IT issue requiring support team assistance.,2024-12-27,2024-12-31,soc_user,2024-12-27 00:00:00
192,TICKET-1192,Critical,closed,Software,Network connectivity issue,User reported an IT issue requiring support team assistance.,2025-06-09,2025-06-15,it_support,2025-06-09 00:00:00
193,TICKET-1193,Medium,open,Email,Software installation request,User reported an IT issue requiring support team assistance.,2024-08-10,2024-08-15,analyst2,2024-08-10 00:00:00
194,TICKET-1194,Medium,in_progress,Software,Software installation request,User reported an IT issue requiring support team assistance.,2024-03-18,2024-03-26,admin,2024-03-18 00:00:00
195,TICKET-1195,High,open,Hardware,Printer not working,User reported an IT issue requiring support team assistance.,2025-08-04,2025-08-08,it_support,2025-08-04 00:00:00
196,TICKET-1196,Critical,resolved,Security,System access issue,User reported an IT issue requiring support team assistance.,2024-05-21,2024-05-22,admin,2024-05-21 00:00:00
197,TICKET-1197,High,open,Access,Network connectivity issue,User reported an IT issue requiring support team assistance.,2025-07-15,2025-07-16,analyst1,2025-07-15 00:00:00
198,TICKET-1198,Critical,resolved,Network,Slow system performance,User reported an IT issue requiring support team assistance.,2024-04-05,2024-04-09,analyst2,2024-04-05 00:00:00
199,TICKET-1199,High,open,Security,Network connectivity issue,User reported an IT issue requiring support team assistance.,2025-10-18,2025-10-21,analyst2,2025-10-18 00:00:00
200,TICKET-1200,High,open,Hardware,Security alert investigation,User reported an IT issue requiring support team assistance.,2024-12-01,2024-12-04,admin,2024-12-01 00:00:00
201,TICKET-1201,Medium,in_progress,Network,Network connectivity issue,User reported an IT issue requiring support team assistance.,2025-02-07,2025-02-07,analyst1,2025-02-07 00:00:00
202,TICKET-1202,High,closed,Software,Network connectivity issue,User reported an IT issue requiring support team assistance.,2025-01-26,2025-01-26,it_support,2025-01-26 00:00:00
203,TICKET-1203,Medium,in_progress,Email,Laptop not turning on,User reported an IT issue requiring support team assistance.,2025-08-23,2025-08-29,analyst2,2025-08-23 00:00:00
204,TICKET-1204,High,resolved,Software,System access issue,User reported an IT issue requiring support team assistance.,2024-07-19,2024-07-24,soc_user,2024-07-19 00:00:00
205,TICKET-1205,Critical,closed,Email,Software installation request,User reported an IT issue requiring support team assistance.,2025-01-19,2025-01-23,admin,2025-01-19 00:00:00
206,TICKET-1206,Critical,in_progress,Email,Security alert investigation,User reported an IT issue requiring support team assistance.,2024-09-11,2024-09-17,analyst1,2024-09-11 00:00:00
207,TICKET-1207,High,resolved,Network,Printer not working,User reported an IT issue requiring support team assistance.,2024-09-21,2024-09-21,analyst2,2024-09-21 00:00:00
208,TICKET-1208,Low,in_progress,Email,Laptop not turning on,User reported an IT issue requiring support team assistance.,2025-11-05,2025-11-05,it_support,2025-11-05 00:00:00
209,TICKET-1209,Medium,closed,Hardware,Security alert investigation,User reported an IT issue requiring support team assistance.,2024-07-20,2024-07-23,analyst2,2024-07-20 00:00:00
210,TICKET-1210,Medium,in_progress,Security,Email not syncing,User reported an IT issue requiring support team assistance.,2024-09-23,2024-09-26,it_support,2024-09-23 00:00:00
211,TICKET-1211,Critical,in_progress,Network,Password reset request,User reported an IT issue requiring support team assistance.,2025-03-31,2025-04-07,analyst1,2025-03-31 00:00:00
212,TICKET-1212,Medium,resolved,Access,Software installation request,User reported an IT issue requiring support team assistance.,2024-10-24,2024-10-26,analyst1,2024-10-24 00:00:00
213,TICKET-1213,High,closed,Network,VPN not connecting,User reported an IT issue requiring support team assistance.,2025-07-25,2025-08-01,analyst1,2025-07-25 00:00:00
214,TICKET-1214,Critical,closed,Software,Security alert investigation,User reported an IT issue requiring support team assistance.,2024-01-14,2024-01-18,analyst1,2024-01-14 00:00:00
215,TICKET-1215,Critical,open,Hardware,Email not syncing,User reported an IT issue requiring support team assistance.,2025-01-30,2025-02-05,analyst2,2025-01-30 00:00:00
216,TICKET-1216,High,in_progress,Access,Laptop not turning on,User reported an IT issue requiring support team assistance.,2025-10-27,2025-11-05,admin,2025-10-27 00:00:00
217,TICKET-1217,Critical,in_progress,Hardware,Security alert investigation,User reported an IT issue requiring support team assistance.,2025-10-30,2025-11-08,admin,2025-10-30 00:00:00
218,TICKET-1218,Critical,open,Access,Password reset request,User reported an IT issue requiring support team assistance.,2025-08-07,2025-08-07,analyst2,2025-08-07 00:00:00
219,TICKET-1219,High,in_progress,Software,Printer not working,User reported an IT issue requiring support team assistance.,2025-01-20,2025-01-20,it_support,2025-01-20 00:00:00
220,TICKET-1220,Critical,resolved,Network,System access issue,User reported an IT issue requiring support team assistance.,2025-09-14,2025-09-22,analyst1,2025-09-14 00:00:00
221,TICKET-1221,Critical,closed,Security,Security alert investigation,User reported an IT issue requiring support team assistance.,2025-05-04,2025-05-12,it_support,2025-05-04 00:00:00
222,TICKET-1222,Low,closed,Network,Password reset request,User reported an IT issue requiring support team assistance.,2025-04-23,2025-04-24,analyst2,2025-04-23 00:00:00
223,TICKET-1223,Medium,resolved,Hardware,VPN not connecting,User reported an IT issue requiring support team assistance.,2025-06-24,2025-06-29,it_support,2025-06-24 00:00:00
224,TICKET-1224,High,closed,Email,Password reset request,User reported an IT issue requiring support team assistance.,2025-02-28,2025-03-04,it_support,2025-02-28 00:00:00
225,TICKET-1225,Medium,open,Email,VPN not connecting,User reported an IT issue requiring support team assistance.,2025-05-29,2025-06-08,analyst1,2025-05-29 00:00:00
226,TICKET-1226,Medium,resolved,Software,System access issue,User reported an IT issue requiring support team assistance.,2025-10-07,2025-10-16,it_support,2025-10-07 00:00:00
227,TICKET-1227,Critical,resolved,Access,Slow system performance,User reported an IT issue requiring support team assistance.,2025-11-19,2025-11-25,analyst1,2025-11-19 00:00:00
228,TICKET-1228,Medium,resolved,Email,Network connectivity issue,User reported an IT issue requiring support team assistance.,2024-07-02,2024-07-04,it_support,2024-07-02 00:00:00
229,TICKET-1229,Medium,open,Security,Network connectivity issue,User reported an IT issue requiring support team assistance.,2025-05-12,2025-05-22,soc_user,2025-05-12 00:00:00
230,TICKET-1230,High,in_progress,Email,System access issue,User reported an IT issue requiring support team assistance.,2024-01-06,2024-01-10,analyst1,2024-01-06 00:00:00
231,TICKET-1231,Medium,closed,Network,Slow system performance,User reported an IT issue requiring support team assistance.,2025-03-22,2025-03-28,it_support,2025-03-22 00:00:00
232,TICKET-1232,Low,resolved,Hardware,Email not syncing,User reported an IT issue requiring support team assistance.,2024-01-21,2024-01-31,admin,2024-01-21 00:00:00
233,TICKET-1233,Critical,in_progress,Software,Laptop not turning on,User reported an IT issue requiring support team assistance.,2025-01-31,2025-02-05,soc_user,2025-01-31 00:00:00
234,TICKET-1234,Low,closed,Email,Software installation request,User reported an IT issue requiring support team assistance.,2025-10-15,2025-10-18,it_support,2025-10-15 00:00:00
235,TICKET-1235,Medium,resolved,Network,Software installation request,User reported an IT issue requiring support team assistance.,2025-07-11,2025-07-18,analyst1,2025-07-11 00:00:00
236,TICKET-1236,Medium,resolved,Software,System access issue,User reported an IT issue requiring support team assistance.,2025-02-08,2025-02-10,analyst2,2025-02-08 00:00:00
237,TICKET-1237,Low,closed,Email,VPN not connecting,User reported an IT issue requiring support team assistance.,2024-06-14,2024-06-17,admin,2024-06-14 00:00:00
238,TICKET-1238,Medium,open,Hardware,Security alert investigation,User reported an IT issue requiring support team assistance.,2024-02-14,2024-02-21,it_support,2024-02-14 00:00:00
239,TICKET-1239,Critical,in_progress,Hardware,Network connectivity issue,User reported an IT issue requiring support team assistance.,2024-11-29,2024-12-02,admin,2024-11-29 00:00:00
240,TICKET-1240,High,closed,Software,Network connectivity issue,User reported an IT issue requiring support team assistance.,2024-07-04,2024-07-10,soc_user,2024-07-04 00:00:00
241,TICKET-1241,Low,closed,Hardware,Software installation request,User reported an IT issue requiring support team assistance.,2024-12-06,2024-12-13,analyst1,2024-12-06 00:00:00
242,TICKET-1242,Critical,in_progress,Hardware,VPN not connecting,User reported an IT issue requiring support team assistance.,2024-11-24,2024-11-29,soc_user,2024-11-24 00:00:00
243,TICKET-1243,Low,closed,Network,Laptop not turning on,User reported an IT issue requiring support team assistance.,2025-01-28,2025-02-07,soc_user,2025-01-28 00:00:00
244,TICKET-1244,Medium,in_progress,Access,Security alert investigation,User reported an IT issue requiring support team assistance.,2025-04-13,2025-04-15,soc_user,2025-04-13 00:00:00
245,TICKET-1245,Low,closed,Access,Slow system performance,User reported an IT issue requiring support team assistance.,2024-12-07,2024-12-16,it_support,2024-12-07 00:00:00
246,TICKET-1246,Critical,in_progress,Hardware,Network connectivity issue,User reported an IT issue requiring support team assistance.,2024-05-11,2024-05-17,analyst1,2024-05-11 00:00:00
247,TICKET-1247,Low,open,Access,VPN not connecting,User reported an IT issue requiring support team assistance.,2025-04-09,2025-04-12,admin,2025-04-09 00:00:00
248,TICKET-1248,Critical,in_progress,Software,Network connectivity issue,User reported an IT issue requiring support team assistance.,2025-05-24,2025-05-25,it_support,2025-05-24 00:00:00
249,TICKET-1249,Medium,in_progress,Network,Email not syncing,User reported an IT issue requiring support team assistance.,2024-04-15,2024-04-24,analyst1,2024-04-15 00:00:00
250,TICKET-1250,Low,in_progress,Access,Laptop not turning on,User reported an IT issue requiring support team assistance.,2024-12-04,2024-12-06,admin,2024-12-04 00:00:00
251,TICKET-1251,Medium,closed,Access,Security alert investigation,User reported an IT issue requiring support team assistance.,2024-05-29,2024-05-31,it_support,2024-05-29 00:00:00
252,TICKET-1252,Medium,in_progress,Hardware,Security alert investigation,User reported an IT issue requiring support team assistance.,2024-12-18,2024-12-24,analyst1,2024-12-18 00:00:00
253,TICKET-1253,Critical,resolved,Email,Slow system performance,User reported an IT issue requiring support team assistance.,2025-03-13,2025-03-21,analyst1,2025-03-13 00:00:00
254,TICKET-1254,Critical,closed,Software,Email not syncing,User reported an IT issue requiring support team assistance.,2024-04-14,2024-04-15,analyst1,2024-04-14 00:00:00
255,TICKET-1255,Critical,closed,Software,Security alert investigation,User reported an IT issue requiring support team assistance.,2024-03-22,2024-03-23,analyst2,2024-03-22 00:00:00
256,TICKET-1256,High,in_progress,Email,VPN not connecting,User reported an IT issue requiring support team assistance.,2024-01-13,2024-01-19,analyst1,2024-01-13 00:00:00
257,TICKET-1257,Low,resolved,Hardware,System access issue,User reported an IT issue requiring support team assistance.,2024-06-19,2024-06-23,it_support,2024-06-19 00:00:00
258,TICKET-1258,High,open,Security,Printer not working,User reported an IT issue requiring support team assistance.,2025-02-19,2025-02-26,admin,2025-02-19 00:00:00
259,TICKET-1259,Medium,in_progress,Hardware,Slow system performance,User reported an IT issue requiring support team assistance.,2025-02-05,2025-02-13,soc_user,2025-02-05 00:00:00
260,TICKET-1260,Critical,closed,Software,VPN not connecting,User reported an IT issue requiring support team assistance.,2024-09-16,2024-09-22,analyst1,2024-09-16 00:00:00
261,TICKET-1261,Medium,open,Network,System access issue,User reported an IT issue requiring support team assistance.,2024-07-28,2024-07-30,admin,2024-07-28 00:00:00
262,TICKET-1262,Low,open,Software,Network connectivity issue,User reported an IT issue requiring support team assistance.,2024-04-05,2024-04-05,soc_user,2024-04-05 00:00:00
263,TICKET-1263,Critical,resolved,Security,VPN not connecting,User reported an IT issue requiring support team assistance.,2024-02-03,2024-02-06,admin,2024-02-03 00:00:00
264,TICKET-1264,Medium,in_progress,Email,Laptop not turning on,User reported an IT issue requiring support team assistance.,2024-10-23,2024-11-02,analyst1,2024-10-23 00:00:00
265,TICKET-1265,Critical,in_progress,Hardware,Network connectivity issue,User reported an IT issue requiring support team assistance.,2025-06-13,2025-06-21,analyst1,2025-06-13 00:00:00
266,TICKET-1266,High,in_progress,Hardware,Slow system performance,User reported an IT issue requiring support team assistance.,2024-03-04,2024-03-04,analyst1,2024-03-04 00:00:00
267,TICKET-1267,High,open,Access,Slow system performance,User reported an IT issue requiring support team assistance.,2024-09-17,2024-09-21,admin,2024-09-17 00:00:00
268,TICKET-1268,Medium,in_progress,Hardware,Password reset request,User reported an IT issue requiring support team assistance.,2024-03-14,2024-03-17,admin,2024-03-14 00:00:00
269,TICKET-1269,Medium,resolved,Access,Software installation request,User reported an IT issue requiring support team assistance.,2024-03-20,2024-03-27,analyst2,2024-03-20 00:00:00
270,TICKET-1270,High,in_progress,Network,Security alert investigation,User reported an IT issue requiring support team assistance.,2024-11-24,2024-11-26,admin,2024-11-24 00:00:00
271,TICKET-1271,Medium,in_progress,Software,Printer not working,User reported an IT issue requiring support team assistance.,2025-10-26,2025-11-05,analyst2,2025-10-26 00:00:00
272,TICKET-1272,Critical,resolved,Software,Laptop not turning on,User reported an IT issue requiring support team assistance.,2024-09-18,2024-09-18,it_support,2024-09-18 00:00:00
273,TICKET-1273,Critical,resolved,Email,Laptop not turning on,User reported an IT issue requiring support team assistance.,2024-11-23,2024-12-02,admin,2024-11-23 00:00:00
274,TICKET-1274,High,resolved,Access,Software installation request,User reported an IT issue requiring support team assistance.,2024-06-18,2024-06-21,analyst2,2024-06-18 00:00:00
275,TICKET-1275,High,in_progress,Security,Network connectivity issue,User reported an IT issue requiring support team assistance.,2025-08-07,2025-08-07,admin,2025-08-07 00:00:00
276,TICKET-1276,Critical,in_progress,Network,VPN not connecting,User reported an IT issue requiring support team assistance.,2025-04-14,2025-04-16,analyst2,2025-04-14 00:00:00
277,TICKET-1277,High,resolved,Security,Password reset request,User reported an IT issue requiring support team assistance.,2024-03-20,2024-03-22,soc_user,2024-03-20 00:00:00
278,TICKET-1278,High,in_progress,Network,Security alert investigation,User reported an IT issue requiring support team assistance.,2025-01-19,2025-01-23,admin,2025-01-19 00:00:00
279,TICKET-1279,Medium,in_progress,Network,Printer not working,User reported an IT issue requiring support team assistance.,2024-03-23,2024-03-25,analyst1,2024-03-23 00:00:00
280,TICKET-1280,High,open,Security,VPN not connecting,User reported an IT issue requiring support team assistance.,2024-12-07,2024-12-12,admin,2024-12-07 00:00:00
281,TICKET-1281,Low,resolved,Network,Slow system performance,User reported an IT issue requiring support team assistance.,2025-10-26,2025-10-27,soc_user,2025-10-26 00:00:00
282,TICKET-1282,Low,open,Access,Security alert investigation,User reported an IT issue requiring support team assistance.,2025-03-04,2025-03-10,analyst2,2025-03-04 00:00:00
283,TICKET-1283,Medium,open,Hardware,Software installation request,User reported an IT issue requiring support team assistance.,2025-04-03,2025-04-10,analyst1,2025-04-03 00:00:00
284,TICKET-1284,High,in_progress,Hardware,Slow system performance,User reported an IT issue requiring support team assistance.,2024-06-09,2024-06-12,soc_user,2024-06-09 00:00:00
285,TICKET-1285,Medium,resolved,Security,Email not syncing,User reported an IT issue requiring support team assistance.,2024-11-02,2024-11-11,soc_user,2024-11-02 00:00:00
286,TICKET-1286,High,open,Network,Slow system performance,User reported an IT issue requiring support team assistance.,2025-08-11,2025-08-19,analyst2,2025-08-11 00:00:00
287,TICKET-1287,Critical,open,Software,Security alert investigation,User reported an IT issue requiring support team assistance.,2025-01-16,2025-01-17,it_support,2025-01-16 00:00:00
288,TICKET-1288,Low,open,Security,Laptop not turning on,User reported an IT issue requiring support team assistance.,2024-11-26,2024-12-01,admin,2024-11-26 00:00:00
289,TICKET-1289,Medium,open,Network,Network connectivity issue,User reported an IT issue requiring support team assistance.,2024-12-30,2025-01-05,it_support,2024-12-30 00:00:00
290,TICKET-1290,Medium,in_progress,Security,Laptop not turning on,User reported an IT issue requiring support team assistance.,2024-09-05,2024-09-05,analyst1,2024-09-05 00:00:00
291,TICKET-1291,Low,open,Email,Password reset request,User reported an IT issue requiring support team assistance.,2025-02-04,2025-02-10,soc_user,2025-02-04 00:00:00
292,TICKET-1292,Medium,open,Access,VPN not connecting,User reported an IT issue requiring support team assistance.,2025-03-10,2025-03-14,admin,2025-03-10 00:00:00
293,TICKET-1293,High,open,Email,Email not syncing,User reported an IT issue requiring support team assistance.,2025-06-26,2025-06-27,admin,2025-06-26 00:00:00
294,TICKET-1294,High,in_progress,Access,Printer not working,User reported an IT issue requiring support team assistance.,2025-09-08,2025-09-13,analyst1,2025-09-08 00:00:00
295,TICKET-1295,Medium,closed,Email,Security alert investigation,User reported an IT issue requiring support team assistance.,2025-09-30,2025-10-10,admin,2025-09-30 00:00:00
296,TICKET-1296,Medium,closed,Email,Slow system performance,User reported an IT issue requiring support team assistance.,2025-07-01,2025-07-07,soc_user,2025-07-01 00:00:00
297,TICKET-1297,Low,closed,Email,Password reset request,User reported an IT issue requiring support team assistance.,2025-05-16,2025-05-22,admin,2025-05-16 00:00:00
298,TICKET-1298,Critical,closed,Access,Software installation request,User reported an IT issue requiring support team assistance.,2025-04-01,2025-04-09,analyst1,2025-04-01 00:00:00
299,TICKET-1299,Medium,open,Email,Email not syncing,User reported an IT issue requiring support team assistance.,2025-08-21,2025-08-25,soc_user,2025-08-21 00:00:00
300,TICKET-1300,High,closed,Access,Slow system performance,User reported an IT issue requiring support team assistance.,2025-10-23,2025-11-01,soc_user,2025-10-23 00:00:00
301,TICKET-1301,High,open,Access,Software installation request,User reported an IT issue requiring support team assistance.,2025-11-20,2025-11-24,soc_user,2025-11-20 00:00:00
302,TICKET-1302,Low,resolved,Software,VPN not connecting,User reported an IT issue requiring support team assistance.,2025-09-13,2025-09-17,soc_user,2025-09-13 00:00:00
303,TICKET-1303,Critical,resolved,Email,Printer not working,User reported an IT issue requiring support team assistance.,2024-05-28,2024-05-30,analyst1,2024-05-28 00:00:00
304,TICKET-1304,Low,resolved,Access,System access issue,User reported an IT issue requiring support team assistance.,2024-02-05,2024-02-07,soc_user,2024-02-05 00:00:00
305,TICKET-1305,Critical,in_progress,Access,Email not syncing,User reported an IT issue requiring support team assistance.,2025-03-15,2025-03-23,it_support,2025-03-15 00:00:00
306,TICKET-1306,Medium,in_progress,Security,Software installation request,User reported an IT issue requiring support team assistance.,2024-02-28,2024-03-02,soc_user,2024-02-28 00:00:00
307,TICKET-1307,Low,open,Email,VPN not connecting,User reported an IT issue requiring support team assistance.,2024-06-06,2024-06-15,analyst2,2024-06-06 00:00:00
308,TICKET-1308,Medium,resolved,Email,VPN not connecting,User reported an IT issue requiring support team assistance.,2024-05-15,2024-05-16,soc_user,2024-05-15 00:00:00
309,TICKET-1309,Critical,closed,Security,System access issue,User reported an IT issue requiring support team assistance.,2024-12-25,2024-12-30,analyst1,2024-12-25 00:00:00
310,TICKET-1310,Medium,in_progress,Network,Printer not working,User reported an IT issue requiring support team assistance.,2025-06-19,2025-06-21,soc_user,2025-06-19 00:00:00
311,TICKET-1311,Critical,closed,Access,Email not syncing,User reported an IT issue requiring support team assistance.,2025-06-28,2025-06-29,it_support,2025-06-28 00:00:00
312,TICKET-1312,Low,open,Hardware,Network connectivity issue,User reported an IT issue requiring support team assistance.,2024-08-22,2024-08-22,soc_user,2024-08-22 00:00:00
313,TICKET-1313,Medium,resolved,Access,Laptop not turning on,User reported an IT issue requiring support team assistance.,2024-11-28,2024-12-04,admin,2024-11-28 00:00:00
314,TICKET-1314,Medium,open,Security,Laptop not turning on,User reported an IT issue requiring support team assistance.,2024-03-18,2024-03-22,soc_user,2024-03-18 00:00:00
315,TICKET-1315,Low,resolved,Access,Software installation request,User reported an IT issue requiring support team assistance.,2025-03-17,2025-03-24,analyst2,2025-03-17 00:00:00
316,TICKET-1316,High,open,Hardware,Password reset request,User reported an IT issue requiring support team assistance.,2025-01-10,2025-01-20,it_support,2025-01-10 00:00:00
317,TICKET-1317,Low,in_progress,Network,Network connectivity issue,User reported an IT issue requiring support team assistance.,2024-04-17,2024-04-20,it_support,2024-04-17 00:00:00
318,TICKET-1318,Critical,in_progress,Hardware,Software installation request,User reported an IT issue requiring support team assistance.,2024-11-13,2024-11-15,soc_user,2024-11-13 00:00:00
319,TICKET-1319,Critical,open,Access,Printer not working,User reported an IT issue requiring support team assistance.,2025-11-26,2025-12-02,admin,2025-11-26 00:00:00
320,TICKET-1320,Low,resolved,Access,Software installation request,User reported an IT issue requiring support team assistance.,2025-09-26,2025-10-01,analyst2,2025-09-26 00:00:00
321,TICKET-1321,Low,in_progress,Access,VPN not connecting,User reported an IT issue requiring support team assistance.,2024-04-17,2024-04-26,analyst2,2024-04-17 00:00:00
322,TICKET-1322,Medium,open,Hardware,Printer not working,User reported an IT issue requiring support team assistance.,2024-10-29,2024-11-06,analyst2,2024-10-29 00:00:00
323,TICKET-1323,Critical,in_progress,Email,Network connectivity issue,User reported an IT issue requiring support team assistance.,2024-03-03,2024-03-13,analyst1,2024-03-03 00:00:00
324,TICKET-1324,Critical,resolved,Network,VPN not connecting,User reported an IT issue requiring support team assistance.,2025-10-17,2025-10-20,analyst1,2025-10-17 00:00:00
325,TICKET-1325,Critical,resolved,Network,Email not syncing,User reported an IT issue requiring support team assistance.,2024-10-01,2024-10-02,admin,2024-10-01 00:00:00
326,TICKET-1326,Critical,resolved,Email,VPN not connecting,User reported an IT issue requiring support team assistance.,2025-05-02,2025-05-05,admin,2025-05-02 00:00:00
327,TICKET-1327,High,in_progress,Email,Laptop not turning on,User reported an IT issue requiring support team assistance.,2025-09-21,2025-09-22,admin,2025-09-21 00:00:00
328,TICKET-1328,Critical,open,Access,Password reset request,User reported an IT issue requiring support team assistance.,2025-11-16,2025-11-25,analyst1,2025-11-16 00:00:00
329,TICKET-1329,Low,resolved,Hardware,Slow system performance,User reported an IT issue requiring support team assistance.,2025-02-19,2025-02-27,analyst2,2025-02-19 00:00:00
330,TICKET-1330,Medium,resolved,Hardware,Security alert investigation,User reported an IT issue requiring support team assistance.,2024-11-02,2024-11-06,analyst1,2024-11-02 00:00:00
331,TICKET-1331,Medium,resolved,Hardware,Printer not working,User reported an IT issue requiring support team assistance.,2025-07-07,2025-07-12,analyst2,2025-07-07 00:00:00
332,TICKET-1332,Critical,closed,Software,Security alert investigation,User reported an IT issue requiring support team assistance.,2025-02-16,2025-02-24,soc_user,2025-02-16 00:00:00
333,TICKET-1333,Critical,closed,Software,VPN not connecting,User reported an IT issue requiring support team assistance.,2024-08-28,2024-09-07,it_support,2024-08-28 00:00:00
334,TICKET-1334,Critical,closed,Software,System access issue,User reported an IT issue requiring support team assistance.,2025-08-24,2025-08-24,analyst1,2025-08-24 00:00:00
335,TICKET-1335,Critical,resolved,Network,VPN not connecting,User reported an IT issue requiring support team assistance.,2024-01-06,2024-01-16,it_support,2024-01-06 00:00:00
336,TICKET-1336,Critical,resolved,Email,Password reset request,User reported an IT issue requiring support team assistance.,2024-01-16,2024-01-21,analyst1,2024-01-16 00:00:00
337,TICKET-1337,Medium,open,Hardware,Laptop not turning on,User reported an IT issue requiring support team assistance.,2025-09-16,2025-09-20,admin,2025-09-16 00:00:00
338,TICKET-1338,Critical,in_progress,Network,Email not syncing,User reported an IT issue requiring support team assistance.,2024-10-17,2024-10-21,analyst2,2024-10-17 00:00:00
339,TICKET-1339,Medium,in_progress,Software,System access issue,User reported an IT issue requiring support team assistance.,2025-06-21,2025-06-24,analyst1,2025-06-21 00:00:00
340,TICKET-1340,High,closed,Email,Network connectivity issue,User reported an IT issue requiring support team assistance.,2024-03-31,2024-04-06,analyst2,2024-03-31 00:00:00
341,TICKET-1341,High,resolved,Security,System access issue,User reported an IT issue requiring support team assistance.,2024-12-09,2024-12-16,it_support,2024-12-09 00:00:00
342,TICKET-1342,High,open,Access,Password reset request,User reported an IT issue requiring support team assistance.,2024-08-26,2024-09-04,analyst2,2024-08-26 00:00:00
343,TICKET-1343,Medium,in_progress,Network,Laptop not turning on,User reported an IT issue requiring support team assistance.,2024-10-21,2024-10-25,soc_user,2024-10-21 00:00:00
344,TICKET-1344,Medium,closed,Network,Laptop not turning on,User reported an IT issue requiring support team assistance.,2025-04-15,2025-04-19,analyst2,2025-04-15 00:00:00
345,TICKET-1345,High,open,Software,Password reset request,User reported an IT issue requiring support team assistance.,2025-01-29,2025-02-08,admin,2025-01-29 00:00:00
346,TICKET-1346,Low,open,Email,Printer not working,User reported an IT issue requiring support team assistance.,2024-07-03,2024-07-05,analyst2,2024-07-03 00:00:00
347,TICKET-1347,Low,closed,Hardware,Email not syncing,User reported an IT issue requiring support team assistance.,2025-03-05,2025-03-08,soc_user,2025-03-05 00:00:00
348,TICKET-1348,Low,resolved,Email,Network connectivity issue,User reported an IT issue requiring support team assistance.,2024-07-20,2024-07-28,soc_user,2024-07-20 00:00:00
349,TICKET-1349,High,in_progress,Email,VPN not connecting,User reported an IT issue requiring support team assistance.,2024-05-10,2024-05-19,admin,2024-05-10 00:00:00
350,TICKET-1350,Low,in_progress,Security,Printer not working,User reported an IT issue requiring support team assistance.,2024-03-07,2024-03-14,admin,2024-03-07 00:00:00
351,TICKET-1351,Low,in_progress,Email,System access issue,User reported an IT issue requiring support team assistance.,2025-10-05,2025-10-10,admin,2025-10-05 00:00:00
352,TICKET-1352,Critical,resolved,Access,Password reset request,User reported an IT issue requiring support team assistance.,2024-04-21,2024-04-24,analyst1,2024-04-21 00:00:00
353,TICKET-1353,Low,resolved,Access,VPN not connecting,User reported an IT issue requiring support team assistance.,2025-04-10,2025-04-18,it_support,2025-04-10 00:00:00
354,TICKET-1354,High,in_progress,Network,Password reset request,User reported an IT issue requiring support team assistance.,2025-02-17,2025-02-17,soc_user,2025-02-17 00:00:00
355,TICKET-1355,Medium,closed,Software,Printer not working,User reported an IT issue requiring support team assistance.,2024-01-07,2024-01-08,it_support,2024-01-07 00:00:00
356,TICKET-1356,High,in_progress,Email,Slow system performance,User reported an IT issue requiring support team assistance.,2024-07-07,2024-07-17,soc_user,2024-07-07 00:00:00
357,TICKET-1357,Low,in_progress,Software,Network connectivity issue,User reported an IT issue requiring support team assistance.,2024-03-09,2024-03-13,analyst2,2024-03-09 00:00:00
358,TICKET-1358,Low,resolved,Network,Slow system performance,User reported an IT issue requiring support team assistance.,2025-08-24,2025-08-24,soc_user,2025-08-24 00:00:00
359,TICKET-1359,High,closed,Security,Email not syncing,User reported an IT issue requiring support team assistance.,2025-10-01,2025-10-05,it_support,2025-10-01 00:00:00
360,TICKET-1360,Medium,resolved,Security,Laptop not turning on,User reported an IT issue requiring support team assistance.,2025-09-01,2025-09-04,analyst2,2025-09-01 00:00:00
361,TICKET-1361,High,resolved,Access,System access issue,User reported an IT issue requiring support team assistance.,2025-01-05,2025-01-05,analyst2,2025-01-05 00:00:00
362,TICKET-1362,Medium,closed,Security,Software installation request,User reported an IT issue requiring support team assistance.,2024-10-19,2024-10-26,analyst2,2024-10-19 00:00:00
363,TICKET-1363,Critical,resolved,Email,Security alert investigation,User reported an IT issue requiring support team assistance.,2025-09-23,2025-09-25,analyst2,2025-09-23 00:00:00
364,TICKET-1364,High,closed,Software,Network connectivity issue,User reported an IT issue requiring support team assistance.,2024-03-07,2024-03-13,soc_user,2024-03-07 00:00:00
365,TICKET-1365,Medium,closed,Network,Network connectivity issue,User reported an IT issue requiring support team assistance.,2025-07-26,2025-07-29,soc_user,2025-07-26 00:00:00
366,TICKET-1366,Medium,open,Network,VPN not connecting,User reported an IT issue requiring support team assistance.,2024-10-01,2024-10-04,it_support,2024-10-01 00:00:00
367,TICKET-1367,Medium,open,Hardware,Software installation request,User reported an IT issue requiring support team assistance.,2025-02-21,2025-03-02,it_support,2025-02-21 00:00:00
368,TICKET-1368,Low,in_progress,Access,VPN not connecting,User reported an IT issue requiring support team assistance.,2024-11-18,2024-11-27,analyst1,2024-11-18 00:00:00
369,TICKET-1369,Low,in_progress,Network,Slow system performance,User reported an IT issue requiring support team assistance.,2024-07-27,2024-08-05,analyst2,2024-07-27 00:00:00
370,TICKET-1370,Medium,open,Hardware,Printer not working,User reported an IT issue requiring support team assistance.,2024-01-02,2024-01-10,analyst2,2024-01-02 00:00:00
371,TICKET-1371,Low,in_progress,Security,Software installation request,User reported an IT issue requiring support team assistance.,2024-09-17,2024-09-27,admin,2024-09-17 00:00:00
372,TICKET-1372,Medium,in_progress,Hardware,Laptop not turning on,User reported an IT issue requiring support team assistance.,2025-01-08,2025-01-16,analyst2,2025-01-08 00:00:00
373,TICKET-1373,High,in_progress,Email,Password reset request,User reported an IT issue requiring support team assistance.,2024-09-22,2024-10-01,it_support,2024-09-22 00:00:00
374,TICKET-1374,Low,open,Software,Password reset request,User reported an IT issue requiring support team assistance.,2025-06-24,2025-07-01,analyst1,2025-06-24 00:00:00
375,TICKET-1375,Medium,open,Network,System access issue,User reported an IT issue requiring support team assistance.,2025-08-03,2025-08-06,analyst1,2025-08-03 00:00:00
376,TICKET-1376,Low,resolved,Network,Email not syncing,User reported an IT issue requiring support team assistance.,2025-10-06,2025-10-07,admin,2025-10-06 00:00:00
377,TICKET-1377,High,resolved,Access,Slow system performance,User reported an IT issue requiring support team assistance.,2024-08-09,2024-08-11,it_support,2024-08-09 00:00:00
378,TICKET-1378,Low,resolved,Network,Laptop not turning on,User reported an IT issue requiring support team assistance.,2024-11-12,2024-11-21,analyst1,2024-11-12 00:00:00
379,TICKET-1379,Medium,in_progress,Email,Slow system performance,User reported an IT issue requiring support team assistance.,2024-07-05,2024-07-12,soc_user,2024-07-05 00:00:00
380,TICKET-1380,Critical,resolved,Access,Password reset request,User reported an IT issue requiring support team assistance.,2024-11-25,2024-12-03,analyst2,2024-11-25 00:00:00
381,TICKET-1381,Critical,resolved,Network,Network connectivity issue,User reported an IT issue requiring support team assistance.,2025-04-22,2025-04-23,analyst1,2025-04-22 00:00:00
382,TICKET-1382,Critical,resolved,Security,Security alert investigation,User reported an IT issue requiring support team assistance.,2025-04-06,2025-04-15,admin,2025-04-06 00:00:00
383,TICKET-1383,Critical,in_progress,Email,Slow system performance,User reported an IT issue requiring support team assistance.,2024-01-05,2024-01-13,it_support,2024-01-05 00:00:00
384,TICKET-1384,Critical,resolved,Hardware,System access issue,User reported an IT issue requiring support team assistance.,2024-03-11,2024-03-12,analyst2,2024-03-11 00:00:00
385,TICKET-1385,High,in_progress,Software,Printer not working,User reported an IT issue requiring support team assistance.,2024-10-16,2024-10-20,analyst1,2024-10-16 00:00:00
386,TICKET-1386,High,closed,Hardware,Printer not working,User reported an IT issue requiring support team assistance.,2024-09-19,2024-09-20,soc_user,2024-09-19 00:00:00
387,TICKET-1387,Medium,resolved,Access,Email not syncing,User reported an IT issue requiring support team assistance.,2025-04-30,2025-04-30,admin,2025-04-30 00:00:00
388,TICKET-1388,Medium,open,Software,Security alert investigation,User reported an IT issue requiring support team assistance.,2025-04-23,2025-04-28,soc_user,2025-04-23 00:00:00
389,TICKET-1389,Low,open,Software,Printer not working,User reported an IT issue requiring support team assistance.,2024-03-12,2024-03-13,admin,2024-03-12 00:00:00
390,TICKET-1390,High,open,Security,Laptop not turning on,User reported an IT issue requiring support team assistance.,2025-04-19,2025-04-24,it_support,2025-04-19 00:00:00
391,TICKET-1391,High,open,Network,Password reset request,User reported an IT issue requiring support team assistance.,2025-10-07,2025-10-17,admin,2025-10-07 00:00:00
392,TICKET-1392,Low,resolved,Software,Network connectivity issue,User reported an IT issue requiring support team assistance.,2024-11-24,2024-12-02,it_support,2024-11-24 00:00:00
393,TICKET-1393,Medium,in_progress,Software,VPN not connecting,User reported an IT issue requiring support team assistance.,2024-03-26,2024-03-26,admin,2024-03-26 00:00:00
394,TICKET-1394,High,in_progress,Hardware,Printer not working,User reported an IT issue requiring support team assistance.,2025-06-11,2025-06-16,soc_user,2025-06-11 00:00:00
395,TICKET-1395,Critical,closed,Security,Network connectivity issue,User reported an IT issue requiring support team assistance.,2024-05-13,2024-05-23,it_support,2024-05-13 00:00:00
396,TICKET-1396,Critical,open,Hardware,System access issue,User reported an IT issue requiring support team assistance.,2025-09-20,2025-09-20,soc_user,2025-09-20 00:00:00
397,TICKET-1397,Medium,resolved,Access,Security alert investigation,User reported an IT issue requiring support team assistance.,2024-01-04,2024-01-07,it_support,2024-01-04 00:00:00
398,TICKET-1398,Critical,resolved,Hardware,Printer not working,User reported an IT issue requiring support team assistance.,2024-05-19,2024-05-23,soc_user,2024-05-19 00:00:00
399,TICKET-1399,Critical,closed,Email,Password reset request,User reported an IT issue requiring support team assistance.,2024-08-03,2024-08-08,analyst2,2024-08-03 00:00:00
400,TICKET-1400,Low,in_progress,Access,Password reset request,User reported an IT issue requiring support team assistance.,2024-12-23,2024-12-28,analyst1,2024-12-23 00:00:00
401,TICKET-1401,Medium,open,Access,Printer not working,User reported an IT issue requiring support team assistance.,2024-10-23,2024-10-27,analyst2,2024-10-23 00:00:00
402,TICKET-1402,High,open,Access,Software installation request,User reported an IT issue requiring support team assistance.,2024-04-06,2024-04-15,analyst1,2024-04-06 00:00:00
403,TICKET-1403,Low,open,Network,Software installation request,User reported an IT issue requiring support team assistance.,2024-02-05,2024-02-07,analyst2,2024-02-05 00:00:00
404,TICKET-1404,Critical,open,Software,Software installation request,User reported an IT issue requiring support team assistance.,2024-11-09,2024-11-15,soc_user,2024-11-09 00:00:00
405,TICKET-1405,Medium,closed,Security,System access issue,User reported an IT issue requiring support team assistance.,2025-06-12,2025-06-12,analyst2,2025-06-12 00:00:00
406,TICKET-1406,High,resolved,Security,Slow system performance,User reported an IT issue requiring support team assistance.,2024-03-11,2024-03-21,it_support,2024-03-11 00:00:00
407,TICKET-1407,Low,open,Network,Password reset request,User reported an IT issue requiring support team assistance.,2024-12-05,2024-12-08,soc_user,2024-12-05 00:00:00
408,TICKET-1408,Low,in_progress,Hardware,Software installation request,User reported an IT issue requiring support team assistance.,2025-02-25,2025-03-06,it_support,2025-02-25 00:00:00
409,TICKET-1409,Critical,in_progress,Email,Software installation request,User reported an IT issue requiring support team assistance.,2025-01-06,2025-01-07,analyst1,2025-01-06 00:00:00
410,TICKET-1410,Critical,closed,Hardware,Email not syncing,User reported an IT issue requiring support team assistance.,2024-07-11,2024-07-19,analyst1,2024-07-11 00:00:00
411,TICKET-1411,Medium,in_progress,Network,Password reset request,User reported an IT issue requiring support team assistance.,2025-04-16,2025-04-21,analyst1,2025-04-16 00:00:00
412,TICKET-1412,Critical,resolved,Network,Laptop not turning on,User reported an IT issue requiring support team assistance.,2025-01-04,2025-01-05,soc_user,2025-01-04 00:00:00
413,TICKET-1413,Critical,resolved,Security,Password reset request,User reported an IT issue requiring support team assistance.,2025-04-10,2025-04-17,analyst1,2025-04-10 00:00:00
414,TICKET-1414,Low,in_progress,Network,Slow system performance,User reported an IT issue requiring support team assistance.,2025-08-22,2025-08-28,soc_user,2025-08-22 00:00:00
415,TICKET-1415,Critical,open,Access,System access issue,User reported an IT issue requiring support team assistance.,2025-08-16,2025-08-19,soc_user,2025-08-16 00:00:00
416,TICKET-1416,Low,closed,Access,Security alert investigation,User reported an IT issue requiring support team assistance.,2024-02-27,2024-03-07,analyst1,2024-02-27 00:00:00
417,TICKET-1417,Medium,in_progress,Hardware,Laptop not turning on,User reported an IT issue requiring support team assistance.,2024-08-19,2024-08-21,analyst1,2024-08-19 00:00:00
418,TICKET-1418,Medium,resolved,Email,Software installation request,User reported an IT issue requiring support team assistance.,2025-07-08,2025-07-16,it_support,2025-07-08 00:00:00
419,TICKET-1419,Critical,open,Network,Email not syncing,User reported an IT issue requiring support team assistance.,2025-04-22,2025-04-28,soc_user,2025-04-22 00:00:00
420,TICKET-1420,High,open,Security,Email not syncing,User reported an IT issue requiring support team assistance.,2024-06-06,2024-06-08,admin,2024-06-06 00:00:00
421,TICKET-1421,Low,closed,Network,Email not syncing,User reported an IT issue requiring support team assistance.,2025-08-09,2025-08-18,soc_user,2025-08-09 00:00:00
422,TICKET-1422,Medium,in_progress,Network,Password reset request,User reported an IT issue requiring support team assistance.,2024-12-14,2024-12-16,analyst2,2024-12-14 00:00:00
423,TICKET-1423,Low,open,Security,Security alert investigation,User reported an IT issue requiring support team assistance.,2025-05-02,2025-05-07,it_support,2025-05-02 00:00:00
424,TICKET-1424,Medium,resolved,Access,Password reset request,User reported an IT issue requiring support team assistance.,2024-12-07,2024-12-16,it_support,2024-12-07 00:00:00
425,TICKET-1425,Low,resolved,Email,System access issue,User reported an IT issue requiring support team assistance.,2024-01-15,2024-01-23,admin,2024-01-15 00:00:00
426,TICKET-1426,High,resolved,Software,Email not syncing,User reported an IT issue requiring support team assistance.,2024-04-12,2024-04-17,it_support,2024-04-12 00:00:00
427,TICKET-1427,Medium,closed,Hardware,Slow system performance,User reported an IT issue requiring support team assistance.,2025-05-27,2025-05-29,analyst2,2025-05-27 00:00:00
428,TICKET-1428,Critical,open,Access,Network connectivity issue,User reported an IT issue requiring support team assistance.,2024-01-31,2024-02-09,analyst2,2024-01-31 00:00:00
429,TICKET-1429,Low,in_progress,Security,Password reset request,User reported an IT issue requiring support team assistance.,2024-11-09,2024-11-13,analyst1,2024-11-09 00:00:00
430,TICKET-1430,Medium,in_progress,Access,Email not syncing,User reported an IT issue requiring support team assistance.,2024-05-06,2024-05-07,admin,2024-05-06 00:00:00
431,TICKET-1431,Low,resolved,Software,Network connectivity issue,User reported an IT issue requiring support team assistance.,2024-05-04,2024-05-06,analyst2,2024-05-04 00:00:00
432,TICKET-1432,Medium,resolved,Access,Slow system performance,User reported an IT issue requiring support team assistance.,2024-04-08,2024-04-10,soc_user,2024-04-08 00:00:00
433,TICKET-1433,Medium,closed,Email,Laptop not turning on,User reported an IT issue requiring support team assistance.,2024-10-27,2024-11-03,it_support,2024-10-27 00:00:00
434,TICKET-1434,Medium,open,Hardware,Security alert investigation,User reported an IT issue requiring support team assistance.,2025-08-25,2025-08-29,analyst2,2025-08-25 00:00:00
435,TICKET-1435,High,open,Network,Slow system performance,User reported an IT issue requiring support team assistance.,2024-05-07,2024-05-17,it_support,2024-05-07 00:00:00
436,TICKET-1436,High,in_progress,Security,Password reset request,User reported an IT issue requiring support team assistance.,2024-04-04,2024-04-06,admin,2024-04-04 00:00:00
437,TICKET-1437,Medium,open,Access,Laptop not turning on,User reported an IT issue requiring support team assistance.,2024-05-12,2024-05-21,analyst2,2024-05-12 00:00:00
438,TICKET-1438,Critical,in_progress,Email,Password reset request,User reported an IT issue requiring support team assistance.,2025-07-04,2025-07-06,it_support,2025-07-04 00:00:00
439,TICKET-1439,Critical,in_progress,Hardware,Laptop not turning on,User reported an IT issue requiring support team assistance.,2024-06-24,2024-07-02,it_support,2024-06-24 00:00:00
440,TICKET-1440,Low,in_progress,Access,Network connectivity issue,User reported an IT issue requiring support team assistance.,2024-12-03,2024-12-12,analyst1,2024-12-03 00:00:00
441,TICKET-1441,Low,in_progress,Security,Network connectivity issue,User reported an IT issue requiring support team assistance.,2025-03-06,2025-03-09,it_support,2025-03-06 00:00:00
442,TICKET-1442,Medium,resolved,Software,System access issue,User reported an IT issue requiring support team assistance.,2024-08-08,2024-08-10,analyst2,2024-08-08 00:00:00
443,TICKET-1443,Medium,resolved,Email,Security alert investigation,User reported an IT issue requiring support team assistance.,2024-07-05,2024-07-15,it_support,2024-07-05 00:00:00
444,TICKET-1444,Low,closed,Hardware,Network connectivity issue,User reported an IT issue requiring support team assistance.,2025-06-09,2025-06-14,analyst1,2025-06-09 00:00:00
445,TICKET-1445,High,open,Email,Email not syncing,User reported an IT issue requiring support team assistance.,2025-08-28,2025-09-07,soc_user,2025-08-28 00:00:00
446,TICKET-1446,Low,resolved,Hardware,Network connectivity issue,User reported an IT issue requiring support team assistance.,2025-06-16,2025-06-19,analyst1,2025-06-16 00:00:00
447,TICKET-1447,High,open,Security,VPN not connecting,User reported an IT issue requiring support team assistance.,2025-07-17,2025-07-23,analyst1,2025-07-17 00:00:00
448,TICKET-1448,Low,closed,Email,Password reset request,User reported an IT issue requiring support team assistance.,2024-01-05,2024-01-11,analyst2,2024-01-05 00:00:00
449,TICKET-1449,High,resolved,Email,Email not syncing,User reported an IT issue requiring support team assistance.,2025-04-03,2025-04-13,it_support,2025-04-03 00:00:00
450,TICKET-1450,Medium,open,Security,Printer not working,User reported an IT issue requiring support team assistance.,2024-02-20,2024-03-01,analyst1,2024-02-20 00:00:00
451,TICKET-1451,Low,open,Hardware,VPN not connecting,User reported an IT issue requiring support team assistance.,2024-09-02,2024-09-06,soc_user,2024-09-02 00:00:00
452,TICKET-1452,Critical,in_progress,Network,Software installation request,User reported an IT issue requiring support team assistance.,2024-02-23,2024-03-04,analyst1,2024-02-23 00:00:00
453,TICKET-1453,Low,resolved,Security,Security alert investigation,User reported an IT issue requiring support team assistance.,2024-08-29,2024-09-08,analyst1,2024-08-29 00:00:00
454,TICKET-1454,Critical,in_progress,Security,Slow system performance,User reported an IT issue requiring support team assistance.,2025-06-11,2025-06-11,analyst1,2025-06-11 00:00:00
455,TICKET-1455,Critical,open,Network,Security alert investigation,User reported an IT issue requiring support team assistance.,2025-01-22,2025-01-24,soc_user,2025-01-22 00:00:00
456,TICKET-1456,Low,in_progress,Network,Slow system performance,User reported an IT issue requiring support team assistance.,2024-05-26,2024-05-28,analyst2,2024-05-26 00:00:00
457,TICKET-1457,Low,resolved,Software,Password reset request,User reported an IT issue requiring support team assistance.,2025-07-17,2025-07-23,admin,2025-07-17 00:00:00
458,TICKET-1458,High,resolved,Network,VPN not connecting,User reported an IT issue requiring support team assistance.,2024-12-13,2024-12-20,analyst1,2024-12-13 00:00:00
459,TICKET-1459,Critical,in_progress,Access,Security alert investigation,User reported an IT issue requiring support team assistance.,2024-05-12,2024-05-21,analyst1,2024-05-12 00:00:00
460,TICKET-1460,High,resolved,Hardware,Security alert investigation,User reported an IT issue requiring support team assistance.,2024-12-23,2024-12-24,soc_user,2024-12-23 00:00:00
461,TICKET-1461,High,resolved,Network,VPN not connecting,User reported an IT issue requiring support team assistance.,2024-09-20,2024-09-25,soc_user,2024-09-20 00:00:00
462,TICKET-1462,Critical,open,Network,VPN not connecting,User reported an IT issue requiring support team assistance.,2025-08-31,2025-09-07,analyst1,2025-08-31 00:00:00
463,TICKET-1463,Low,open,Access,VPN not connecting,User reported an IT issue requiring support team assistance.,2024-06-28,2024-06-29,analyst2,2024-06-28 00:00:00
464,TICKET-1464,Medium,in_progress,Access,Laptop not turning on,User reported an IT issue requiring support team assistance.,2024-01-22,2024-01-23,analyst2,2024-01-22 00:00:00
465,TICKET-1465,Medium,resolved,Security,Printer not working,User reported an IT issue requiring support team assistance.,2024-11-22,2024-12-01,analyst1,2024-11-22 00:00:00
466,TICKET-1466,Medium,open,Network,System access issue,User reported an IT issue requiring support team assistance.,2024-03-08,2024-03-09,analyst2,2024-03-08 00:00:00
467,TICKET-1467,Low,closed,Network,Software installation request,User reported an IT issue requiring support team assistance.,2024-09-05,2024-09-12,analyst1,2024-09-05 00:00:00
468,TICKET-1468,High,closed,Security,Slow system performance,User reported an IT issue requiring support team assistance.,2025-03-05,2025-03-11,soc_user,2025-03-05 00:00:00
469,TICKET-1469,High,resolved,Software,VPN not connecting,User reported an IT issue requiring support team assistance.,2025-03-25,2025-03-31,analyst2,2025-03-25 00:00:00
470,TICKET-1470,Medium,resolved,Hardware,System access issue,User reported an IT issue requiring support team assistance.,2025-06-04,2025-06-07,it_support,2025-06-04 00:00:00
471,TICKET-1471,Low,resolved,Software,Laptop not turning on,User reported an IT issue requiring support team assistance.,2025-04-12,2025-04-21,analyst2,2025-04-12 00:00:00
472,TICKET-1472,Low,closed,Network,Slow system performance,User reported an IT issue requiring support team assistance.,2025-05-15,2025-05-19,analyst2,2025-05-15 00:00:00
473,TICKET-1473,Low,open,Software,Password reset request,User reported an IT issue requiring support team assistance.,2024-07-05,2024-07-09,soc_user,2024-07-05 00:00:00
474,TICKET-1474,Medium,in_progress,Software,Password reset request,User reported an IT issue requiring support team assistance.,2024-11-25,2024-11-27,it_support,2024-11-25 00:00:00
475,TICKET-1475,Low,resolved,Hardware,Laptop not turning on,User reported an IT issue requiring support team assistance.,2024-09-16,2024-09-19,analyst1,2024-09-16 00:00:00
476,TICKET-1476,Low,open,Hardware,Laptop not turning on,User reported an IT issue requiring support team assistance.,2024-11-21,2024-11-28,admin,2024-11-21 00:00:00
477,TICKET-1477,High,resolved,Access,Software installation request,User reported an IT issue requiring support team assistance.,2025-11-27,2025-11-29,admin,2025-11-27 00:00:00
478,TICKET-1478,Low,open,Security,Password reset request,User reported an IT issue requiring support team assistance.,2024-08-01,2024-08-08,admin,2024-08-01 00:00:00
479,TICKET-1479,Critical,in_progress,Access,Password reset request,User reported an IT issue requiring support team assistance.,2024-03-31,2024-04-02,analyst2,2024-03-31 00:00:00
480,TICKET-1480,Critical,in_progress,Security,Security alert investigation,User reported an IT issue requiring support team assistance.,2025-09-09,2025-09-12,admin,2025-09-09 00:00:00
481,TICKET-1481,Low,closed,Network,System access issue,User reported an IT issue requiring support team assistance.,2025-01-17,2025-01-27,it_support,2025-01-17 00:00:00
482,TICKET-1482,Low,closed,Email,Email not syncing,User reported an IT issue requiring support team assistance.,2024-06-29,2024-07-03,analyst2,2024-06-29 00:00:00
483,TICKET-1483,Low,in_progress,Hardware,System access issue,User reported an IT issue requiring support team assistance.,2024-05-20,2024-05-29,it_support,2024-05-20 00:00:00
484,TICKET-1484,Low,closed,Software,VPN not connecting,User reported an IT issue requiring support team assistance.,2024-04-02,2024-04-02,admin,2024-04-02 00:00:00
485,TICKET-1485,Critical,open,Access,System access issue,User reported an IT issue requiring support team assistance.,2025-02-28,2025-03-08,admin,2025-02-28 00:00:00
486,TICKET-1486,High,open,Network,Slow system performance,User reported an IT issue requiring support team assistance.,2025-10-17,2025-10-23,it_support,2025-10-17 00:00:00
487,TICKET-1487,High,open,Software,Slow system performance,User reported an IT issue requiring support team assistance.,2025-02-27,2025-03-02,analyst2,2025-02-27 00:00:00
488,TICKET-1488,Critical,in_progress,Access,Laptop not turning on,User reported an IT issue requiring support team assistance.,2024-01-08,2024-01-12,admin,2024-01-08 00:00:00
489,TICKET-1489,Critical,resolved,Access,Security alert investigation,User reported an IT issue requiring support team assistance.,2025-05-11,2025-05-14,analyst2,2025-05-11 00:00:00
490,TICKET-1490,Medium,closed,Security,Password reset request,User reported an IT issue requiring support team assistance.,2025-09-20,2025-09-20,it_support,2025-09-20 00:00:00
491,TICKET-1491,High,closed,Network,Slow system performance,User reported an IT issue requiring support team assistance.,2024-01-21,2024-01-26,it_support,2024-01-21 00:00:00
492,TICKET-1492,Medium,closed,Access,Password reset request,User reported an IT issue requiring support team assistance.,2024-12-02,2024-12-10,it_support,2024-12-02 00:00:00
493,TICKET-1493,High,open,Hardware,Software installation request,User reported an IT issue requiring support team assistance.,2025-08-16,2025-08-22,analyst2,2025-08-16 00:00:00
494,TICKET-1494,High,in_progress,Access,Laptop not turning on,User reported an IT issue requiring support team assistance.,2025-09-19,2025-09-25,analyst2,2025-09-19 00:00:00
495,TICKET-1495,Critical,resolved,Software,Password reset request,User reported an IT issue requiring support team assistance.,2024-03-04,2024-03-13,soc_user,2024-03-04 00:00:00
496,TICKET-1496,Medium,in_progress,Network,Laptop not turning on,User reported an IT issue requiring support team assistance.,2025-10-14,2025-10-16,soc_user,2025-10-14 00:00:00
497,TICKET-1497,High,resolved,Access,System access issue,User reported an IT issue requiring support team assistance.,2024-04-09,2024-04-17,soc_user,2024-04-09 00:00:00
498,TICKET-1498,Critical,closed,Software,Software installation request,User reported an IT issue requiring support team assistance.,2025-01-26,2025-01-26,it_support,2025-01-26 00:00:00
499,TICKET-1499,Critical,open,Access,Software installation request,User reported an IT issue requiring support team assistance.,2024-11-22,2024-11-22,analyst1,2024-11-22 00:00:00
500,TICKET-1500,Critical,closed,Security,VPN not connecting,User reported an IT issue requiring support team assistance.,2024-07-25,2024-07-29,it_support,2024-07-25 00:00:00
